key,vector,model,comb,real
severe burn,0.0483914315700531,0.02,0.10230113777007381,False
hemorrhage,0.06687571108341217,0.0,0.10003389570823819,False
food poisoning,0.050453923642635345,0.01,0.09042807014460567,False
cardiopulmonary,0.0587037019431591,0.0,0.08781005693599354,False
hypoglycemia,0.05636712163686752,0.0,0.08431495793985784,False
sting,0.05419570952653885,0.0,0.08106692051243822,False
choking,0.054126765578985214,0.0,0.08096379291128729,False
burn intoxication inhalation,0.05214322358369827,0.0,0.07799677499289896,False
electrocution,0.051906391978263855,0.0,0.07764251800281041,False
epilepsy,0.050603073090314865,0.0,0.07569299008602981,False
chemical burn,0.04993078112602234,0.0,0.0746873636313422,False
fire,0.04483267292380333,0.0,0.06706152136442406,False
cardiopulmonary,0.1269676238298416,0.04,0.16639376375328918,False
fire,0.10923157632350922,0.0,0.10885615239812092,False
epilepsy,0.10760541260242462,0.0,0.10723557772727292,False
burn intoxication inhalation,0.08790679275989532,0.0,0.08760466113901244,False
electrocution,0.08707940578460693,0.0,0.0867801178548666,False
hemorrhage,0.08243054151535034,0.0,0.08214723151920122,False
choking,0.08132197707891464,0.0,0.08104247716796507,False
hypoglycemia,0.06810222566127777,0.0,0.06786816143053084,False
chemical burn,0.06180224195122719,0.0,0.06158983047597383,False
severe burn,0.053401269018650055,0.0,0.053217731302629905,False
sting,0.05055887624621391,0.0,0.05038510770398068,False
food poisoning,0.04704086482524872,0.0,0.046879187527156356,False
cardiopulmonary,0.09160774201154709,0.13,0.1649750958225953,False
epilepsy,0.07496849447488785,0.12,0.1451436026847193,False
fire,0.1350570023059845,0.03,0.12287609866175733,False
severe burn,0.12450389564037323,0.0,0.0926864825529729,False
electrocution,0.11395036429166794,0.0,0.08482994365358418,False
burn intoxication inhalation,0.10183749347925186,0.0,0.07581256003320085,False
hemorrhage,0.08650736510753632,0.0,0.0644001004587304,False
chemical burn,0.08461844176054001,0.0,0.06299389818734939,False
choking,0.07687866687774658,0.0,0.05723205028734403,False
hypoglycemia,0.05875242128968239,0.0,0.04373803119012779,False
food poisoning,0.05739397928118706,0.0,0.042726743865566366,False
sting,0.05720410495996475,0.0,0.04258539260205199,False
epilepsy,0.044230904430150986,0.06,0.1546965109895302,False
hypoglycemia,0.09962456673383713,0.0,0.1478599170450074,False
burn intoxication inhalation,0.037022385746240616,0.06,0.14399783485407494,False
choking,0.06242102012038231,0.0,0.09264348302284438,False
food poisoning,0.049137648195028305,0.0,0.07292868440085216,False
electrocution,0.037721771746873856,0.01,0.07082728129282749,False
fire,0.04591932147741318,0.0,0.06815213643591453,False
hemorrhage,0.037295401096343994,0.0,0.05535276180420991,False
sting,0.03645503148436546,0.0,0.0541055093926008,False
chemical burn,0.03622255474328995,0.0,0.05376047409882477,False
cardiopulmonary,0.03527676314115524,0.0,0.0523567574010436,False
severe burn,0.022449329495429993,0.0,0.03331864926226986,False
food poisoning,0.06627584993839264,0.06,0.18771091076603522,False
choking,0.07953250408172607,0.0,0.11822623869859376,False
hemorrhage,0.0637078732252121,0.0,0.09470269185997207,False
severe burn,0.054449521005153656,0.0,0.0809400149247719,False
sting,0.05354449525475502,0.0,0.07959468081728481,False
hypoglycemia,0.05187387019395828,0.0,0.07711127205889026,False
chemical burn,0.051838066428899765,0.0,0.07705804923480106,False
burn intoxication inhalation,0.043525613844394684,0.0,0.06470146603937461,False
epilepsy,0.04191150888800621,0.0,0.06230207524862982,False
fire,0.03994501754641533,0.0,0.05937885690621804,False
cardiopulmonary,0.03395620360970497,0.0,0.05047639678405942,False
electrocution,0.03215396776795387,0.0,0.04779734666136898,False
hemorrhage,0.17433898150920868,0.04,0.24203472286543692,False
sting,0.04766378924250603,0.06,0.12157553053798198,False
epilepsy,0.06883439421653748,0.0,0.07772880794011845,False
choking,0.0666094571352005,0.0,0.07521637634189658,False
severe burn,0.06381309032440186,0.0,0.07205867790871318,False
hypoglycemia,0.060989413410425186,0.0,0.06887014050630645,False
chemical burn,0.059534505009651184,0.0,0.0672272365926252,False
cardiopulmonary,0.05477622523903847,0.0,0.06185411725853438,False
electrocution,0.05421314388513565,0.0,0.06121827753174764,False
burn intoxication inhalation,0.04648856073617935,0.0,0.052495564898962566,False
fire,0.04603774845600128,0.0,0.05198650105752341,False
food poisoning,0.042271897196769714,0.0,0.047734046560153266,False
epilepsy,0.15889877080917358,0.0,0.1604184288114834,False
hemorrhage,0.12364547699689865,0.0,0.1248279835550734,False
choking,0.09127511084079742,0.0,0.09214803737065405,False
food poisoning,0.08304241299629211,0.0,0.08383660458631068,False
electrocution,0.06300199776887894,0.02,0.08379580284033955,False
burn intoxication inhalation,0.07489798218011856,0.0,0.07561428298847135,False
fire,0.07344216853380203,0.0,0.0741445463970859,False
cardiopulmonary,0.07206829637289047,0.0,0.07275753495376927,False
hypoglycemia,0.06151893734931946,0.0,0.062107285169509724,False
severe burn,0.061510082334280014,0.0,0.062098345467883995,False
chemical burn,0.06134670227766037,0.0,0.06193340289565019,False
sting,0.045878972858190536,0.0,0.04631774496376859,False
hypoglycemia,0.13508984446525574,0.02,0.1486493688595572,False
food poisoning,0.11657176911830902,0.01,0.12131557459321105,False
sting,0.12366443872451782,0.0,0.11852897802659905,False
choking,0.11171793937683105,0.0,0.10707858555094868,False
severe burn,0.1087237074971199,0.0,0.10420869628983757,False
hemorrhage,0.10323601961135864,0.0,0.09894889772901436,False
electrocution,0.024880200624465942,0.06,0.08135534789530392,False
chemical burn,0.06986059248447418,0.0,0.06695946479782737,False
fire,0.0357908196747303,0.01,0.043889246698776294,False
burn intoxication inhalation,0.041167888790369034,0.0,0.03945829404284267,False
cardiopulmonary,0.040484461933374405,0.0,0.0388032481157273,False
epilepsy,0.032138943672180176,0.0,0.030804297400354386,False
sting,0.05824974924325943,0.06,0.14886061720940444,False
epilepsy,0.05787549912929535,0.05,0.13580082397574175,False
fire,0.027514716610312462,0.06,0.11016932224285317,False
burn intoxication inhalation,0.02420843206346035,0.06,0.1060071522470265,False
severe burn,0.07379622012376785,0.0,0.09289957015254602,False
hemorrhage,0.07337719202041626,0.0,0.09237206981963042,False
chemical burn,0.056865401566028595,0.0,0.07158593425484308,False
electrocution,0.05508851632475853,0.0,0.06934907341227499,False
choking,0.04434749856591225,0.0,0.05582756877255014,False
hypoglycemia,0.040423911064863205,0.0,0.050888296927840006,False
cardiopulmonary,0.02770570106804371,0.0,0.03487777172976406,False
food poisoning,0.02491273358464241,0.0,0.03136179925552548,False
fire,0.05257148668169975,0.06,0.13556779243557446,False
burn intoxication inhalation,0.03150622174143791,0.08,0.1342849132574869,False
epilepsy,0.041277047246694565,0.06,0.121966104600267,False
severe burn,0.04068581387400627,0.05,0.10921127502636965,False
electrocution,0.07665029913187027,0.01,0.10435137807502617,False
sting,0.05958419293165207,0.0,0.07175615902310532,False
food poisoning,0.04469455033540726,0.01,0.06586765144350683,False
choking,0.05358545482158661,0.0,0.06453198790346665,False
hypoglycemia,0.04936794191598892,0.0,0.059452913876514385,False
chemical burn,0.03867775946855545,0.0,0.046578921732927644,False
cardiopulmonary,0.037479985505342484,0.0,0.04513646435036926,False
hemorrhage,0.024289680644869804,0.01,0.04129443827538562,False
chemical burn,0.030479969456791878,0.15,0.22053103756612638,False
electrocution,0.12455973029136658,0.01,0.1644204452443544,False
burn intoxication inhalation,0.05307209491729736,0.05,0.12594525644391638,False
hemorrhage,0.03946077451109886,0.06,0.12153253275740587,False
sting,0.011404345743358135,0.06,0.08724998403373012,False
choking,0.011044389568269253,0.06,0.0868101484718691,False
severe burn,0.044741105288267136,0.0,0.05466979189310554,False
hypoglycemia,0.031845781952142715,0.0,0.0389128131900089,False
epilepsy,0.02984793484210968,0.0,0.036471615436041244,False
cardiopulmonary,0.02934737503528595,0.0,0.0358599742999363,False
fire,0.011581184342503548,0.0,0.014151213605498376,False
food poisoning,0.01100338064134121,0.0,0.013445187058007273,False
food poisoning,0.08347230404615402,0.08,0.14997904441474452,False
epilepsy,0.13661213219165802,0.0,0.12533595315192272,False
choking,0.1040901392698288,0.0,0.09549837638722557,False
electrocution,0.1021527573466301,0.0,0.09372090899785236,False
cardiopulmonary,0.0997503325343132,0.0,0.09151678408671249,False
hemorrhage,0.08874545246362686,0.0,0.08142026402766683,False
fire,0.07429661601781845,0.01,0.0773386414996608,False
burn intoxication inhalation,0.06721902638673782,0.0,0.0616706628244873,False
hypoglycemia,0.06501040607690811,0.0,0.059644345489107145,False
severe burn,0.05440637096762657,0.01,0.059090168382400284,False
sting,0.05934284254908562,0.0,0.05444459151841198,False
chemical burn,0.05486925318837166,0.0,0.050340259219807955,False
cardiopulmonary,0.24455317854881287,0.09,0.18378706532219516,False
fire,0.1294938176870346,0.17,0.1645271764375409,False
burn intoxication inhalation,0.1759548932313919,0.08,0.1406090322797211,False
hypoglycemia,0.1657487004995346,0.0,0.09105418569900785,False
choking,0.0859079584479332,0.06,0.08015465764401895,False
sting,0.07836919277906418,0.06,0.07601323048902034,False
food poisoning,0.10529105365276337,0.0,0.05784172740328563,False
hemorrhage,0.10118146240711212,0.0,0.055584120053720945,False
severe burn,0.08996722102165222,0.0,0.049423567274074674,False
chemical burn,0.07025103271007538,0.0,0.03859246291917829,False
epilepsy,0.060437437146902084,0.0,0.033201356080385006,False
electrocution,0.05317443236708641,0.0,0.029211418397851113,False
fire,0.022507434710860252,0.06,0.1425449186789324,False
epilepsy,0.01978665590286255,0.06,0.1378443338735931,False
cardiopulmonary,0.01635906845331192,0.06,0.1319226229881035,False
severe burn,0.007474787998944521,0.06,0.11657359366333242,False
chemical burn,0.006022884510457516,0.06,0.11406519589989066,False
electrocution,0.0055605825036764145,0.06,0.11326649451991616,False
food poisoning,0.021417850628495216,0.01,0.05427941104459291,False
choking,0.029931100085377693,0.0,0.0517108093663656,False
hypoglycemia,0.027411747723817825,0.0,0.047358221278266215,False
burn intoxication inhalation,0.020645536482334137,0.0,0.03566849859373804,False
hemorrhage,0.007819171994924545,0.01,0.030785497474788065,False
sting,0.013880266807973385,0.0,0.02398040261848085,False
cardiopulmonary,0.09051967412233353,0.05,0.15271347118632125,False
fire,0.06463335454463959,0.06,0.13544859335168596,False
chemical burn,0.0577702671289444,0.06,0.12798995164295604,False
burn intoxication inhalation,0.06345883011817932,0.03,0.10156885467820397,False
severe burn,0.04746643453836441,0.03,0.08418869594361894,False
hemorrhage,0.06124720722436905,0.01,0.0774297862240435,False
food poisoning,0.05072198435664177,0.02,0.07685898638567185,False
choking,0.06905686110258102,0.0,0.07504936966353724,False
epilepsy,0.04375065118074417,0.0,0.04754717693592681,False
electrocution,0.038809049874544144,0.0,0.04217676106069724,False
hypoglycemia,0.037754300981760025,0.0,0.041030484813950725,False
sting,0.034963831305503845,0.0,0.03799786811338636,False
food poisoning,0.0672745630145073,0.13,0.26509567259442174,False
burn intoxication inhalation,0.030751703307032585,0.06,0.12195127166748826,False
chemical burn,0.02872840128839016,0.06,0.11923237774980552,False
hemorrhage,0.020391207188367844,0.06,0.10802893598963734,False
hypoglycemia,0.05371737480163574,0.0,0.07218489492737623,False
choking,0.04545455425977707,0.0,0.06108139564394379,False
cardiopulmonary,0.038862232118844986,0.0,0.05222269614815034,False
fire,0.0263746939599514,0.01,0.0488799661415063,False
severe burn,0.034461576491594315,0.0,0.04630913716955737,False
sting,0.027337070554494858,0.0,0.03673529417410012,False
electrocution,0.025968465954065323,0.0,0.03489617639062792,False
epilepsy,0.024841805920004845,0.0,0.03338218140338492,False
food poisoning,0.08620686084032059,0.08,0.18350351182630398,False
hemorrhage,0.10760840773582458,0.0,0.11880689293886394,False
choking,0.09343154728412628,0.0,0.10315468901415703,False
burn intoxication inhalation,0.08646803349256516,0.0,0.09546650316586036,False
severe burn,0.06774670630693436,0.0,0.07479690344390293,False
epilepsy,0.0673975870013237,0.0,0.07441145233615676,False
electrocution,0.059582099318504333,0.0,0.06578263022146426,False
chemical burn,0.05910153314471245,0.0,0.06525205296304132,False
cardiopulmonary,0.05306075140833855,0.0,0.058582625135595735,False
fire,0.052069079130887985,0.0,0.05748775248970782,False
hypoglycemia,0.046534936875104904,0.0,0.051377688598553586,False
sting,0.04653458297252655,0.0,0.0513772978663922,False
hypoglycemia,0.10356717556715012,0.0,0.14122973806274344,False
electrocution,0.03301076963543892,0.06,0.12683445851152195,False
burn intoxication inhalation,0.024391867220401764,0.06,0.1150812623487588,False
fire,0.023208772763609886,0.06,0.1134679314905868,False
hemorrhage,0.052338194102048874,0.02,0.09864422920696804,False
food poisoning,0.048417892307043076,0.0,0.0660252267248537,False
epilepsy,0.0480068102478981,0.0,0.06546465324954737,False
choking,0.04775302857160568,0.0,0.06511858298672878,False
chemical burn,0.04553276300430298,0.0,0.06209091014750395,False
cardiopulmonary,0.03782493993639946,0.0,0.05158011049546378,False
severe burn,0.03513838350772858,0.0,0.047916578506354335,False
sting,0.034133538603782654,0.0,0.046546318268969065,False
choking,0.1336451917886734,0.0,0.11484202407472709,False
burn intoxication inhalation,0.08243969082832336,0.05,0.11380613068823295,False
cardiopulmonary,0.11611949652433395,0.0,0.09978210092645429,False
food poisoning,0.0988934114575386,0.01,0.09357268759777163,False
hemorrhage,0.10546625405550003,0.0,0.09062771301540773,False
fire,0.09487450122833252,0.01,0.09011921666387927,False
severe burn,0.09172362089157104,0.01,0.08741164843304366,False
electrocution,0.09659615159034729,0.0,0.08300558679287122,False
epilepsy,0.08877495676279068,0.0,0.07628479248176971,False
hypoglycemia,0.07706758379936218,0.0,0.06622458463049247,False
chemical burn,0.056910235434770584,0.0,0.048903267977144074,False
sting,0.04121962934732437,0.0,0.035420246718205865,False
hemorrhage,0.043620798736810684,0.07,0.1549535667626692,False
choking,0.03607498109340668,0.06,0.1310249634097692,False
burn intoxication inhalation,0.03346266224980354,0.06,0.12746233995668751,False
sting,0.030707569792866707,0.06,0.12370500496424322,False
hypoglycemia,0.06445838510990143,0.0,0.08790693950037369,False
severe burn,0.04058508574962616,0.01,0.06898683646870536,False
food poisoning,0.03544805198907852,0.01,0.06198106188670344,False
cardiopulmonary,0.04070499911904335,0.0,0.05551258984877755,False
fire,0.03733044117689133,0.0,0.05091044134078312,False
epilepsy,0.03602457419037819,0.0,0.04912952843110937,False
electrocution,0.03600060194730759,0.0,0.04909683560894662,False
chemical burn,0.02883892133831978,0.0,0.03932989182123166,False
hemorrhage,0.011758052743971348,0.06,0.09823843522351046,False
severe burn,0.011465215124189854,0.06,0.09783753374358103,False
electrocution,0.011446338146924973,0.06,0.09781169072475124,False
hypoglycemia,0.006384443491697311,0.06,0.09088183977171525,False
burn intoxication inhalation,0.006074939388781786,0.06,0.09045812149058852,False
sting,0.005667961202561855,0.06,0.08990095893314011,False
cardiopulmonary,0.0030195715371519327,0.06,0.08627525217768686,False
fire,0.001733730430714786,0.06,0.08451490593901242,False
choking,0.0008116794051602483,0.06,0.08325259674188443,False
epilepsy,0.0007130258018150926,0.06,0.08311753767532408,False
food poisoning,-0.00020992096688132733,0.06,0.08185400218510067,False
chemical burn,0.01158280298113823,0.0,0.015857125393704735,False
hemorrhage,0.02583010494709015,0.06,0.14334740084609016,False
food poisoning,0.019123265519738197,0.06,0.13214610963951828,False
severe burn,0.043575018644332886,0.03,0.12287981817532784,False
epilepsy,0.01042612362653017,0.06,0.11762075532532341,False
electrocution,0.008992847055196762,0.06,0.11522699766510743,False
cardiopulmonary,0.007021682802587748,0.06,0.11193489785436604,False
fire,0.0016648006858304143,0.06,0.10298821034245594,False
sting,0.017219142988324165,0.01,0.04545949702659229,False
chemical burn,0.023862123489379883,0.0,0.039852839315292106,False
hypoglycemia,0.01914885640144348,0.0,0.03198107232903947,False
choking,0.01347390841692686,0.0,0.022503173589212812,False
burn intoxication inhalation,0.008418045938014984,0.0,0.014059227891673983,False
electrocution,0.08115938305854797,0.01,0.16979623750726355,False
burn intoxication inhalation,0.021414555609226227,0.06,0.15164522572398248,False
hemorrhage,0.015842584893107414,0.06,0.14126670371829947,False
food poisoning,0.03707272931933403,0.0,0.06905279238786899,False
chemical burn,0.03636634349822998,0.0,0.0677370566881779,False
choking,0.03492804989218712,0.0,0.06505804730326377,False
severe burn,0.033489882946014404,0.0,0.062379273838873366,False
cardiopulmonary,0.030895937234163284,0.0,0.057547711717752574,False
fire,0.030075309798121452,0.0,0.056019186113913814,False
epilepsy,0.029737846925854683,0.0,0.05539061751146408,False
sting,0.02956782653927803,0.0,0.055073932371968295,False
hypoglycemia,0.026324715465307236,0.0,0.049033215117171715,False
sting,0.015337150543928146,0.07,0.12420547300869819,False
food poisoning,0.023795532062649727,0.06,0.12196169698095781,False
hemorrhage,0.02115633524954319,0.06,0.11812043105579421,False
fire,0.020581193268299103,0.06,0.11728333043347136,False
severe burn,0.01939009130001068,0.06,0.11554971989656106,False
hypoglycemia,0.010044521652162075,0.06,0.10194754439329944,False
epilepsy,0.0063245114870369434,0.06,0.0965331894586489,False
chemical burn,0.02393592707812786,0.02,0.06394732622347701,False
burn intoxication inhalation,0.011853821575641632,0.02,0.04636221095641855,False
electrocution,0.03009098395705223,0.0,0.043796457602119296,False
choking,0.022835683077573776,0.0,0.0332366009416585,False
cardiopulmonary,0.01171858236193657,0.0,0.017056019048895706,False
food poisoning,0.1202288568019867,0.13,0.252240531314505,False
choking,0.12470175325870514,0.01,0.13578466626596275,False
burn intoxication inhalation,0.035732194781303406,0.06,0.09650181831205942,False
electrocution,0.08260791748762131,0.01,0.09335242389526825,False
sting,0.018218234181404114,0.06,0.0788470570523068,False
hypoglycemia,0.009628222323954105,0.06,0.07018798718077834,False
hemorrhage,0.05546693131327629,0.01,0.06599324214256615,False
cardiopulmonary,0.04352907836437225,0.01,0.053959416751400965,False
fire,0.05068867653608322,0.0,0.05109617997099527,False
chemical burn,0.04360835999250412,0.0,0.04395894236518012,False
severe burn,0.032829418778419495,0.0,0.03309334559270214,False
epilepsy,0.024785133078694344,0.0,0.024984389156274715,False
hemorrhage,0.09069475531578064,0.06,0.18794037427130253,False
severe burn,0.1075536236166954,0.0,0.13413650816446018,False
epilepsy,0.02787790820002556,0.06,0.1095977555601263,False
cardiopulmonary,0.04866703227162361,0.03,0.09811032545200551,False
food poisoning,0.060272686183452606,0.0,0.07516964459657358,False
fire,0.04607431963086128,0.01,0.06993361246281621,False
burn intoxication inhalation,0.04960905387997627,0.0,0.06187039578059954,False
hypoglycemia,0.047971174120903015,0.0,0.059827698712034846,False
sting,0.047658249735832214,0.0,0.05943743213689369,False
choking,0.04316112399101257,0.0,0.05382879968080445,False
chemical burn,0.04216136783361435,0.0,0.05258194443353504,False
electrocution,0.030120857059955597,0.0,0.03756550874884796,False
food poisoning,0.04900253191590309,0.11,0.23841525844778513,False
hemorrhage,0.024644885212183,0.06,0.12692019391753656,False
fire,0.021260643377900124,0.06,0.12184571565704505,False
hypoglycemia,0.01935018226504326,0.06,0.11898108781440718,False
epilepsy,0.01077225524932146,0.06,0.10611897384831502,False
choking,0.045461077243089676,0.01,0.08316073275925796,False
burn intoxication inhalation,0.017123989760875702,0.02,0.05566531241234191,False
severe burn,0.026057790964841843,0.0,0.03907217635217896,False
electrocution,0.02569989114999771,0.0,0.038535525923872514,False
sting,0.020653121173381805,0.0,0.030968181216822228,False
chemical burn,0.016738155856728554,0.0,0.025097913262361785,False
cardiopulmonary,0.010149720124900341,0.0,0.015218928388075393,False
electrocution,0.23492224105473666,0.13,0.3724999384697481,False
food poisoning,0.03779454156756401,0.08,0.1202405733319176,False
hemorrhage,0.026595301926136017,0.06,0.08839347403442191,False
sting,0.018151624128222466,0.06,0.07977446125216346,False
severe burn,0.06919948756694794,0.0,0.07063643143899195,False
chemical burn,0.03467215225100517,0.02,0.055807432538630644,False
burn intoxication inhalation,0.0246942900121212,0.02,0.04562237760939051,False
choking,0.04133252799510956,0.0,0.042190807801895706,False
epilepsy,0.03845440596342087,0.0,0.039252920879427604,False
hypoglycemia,0.03384748473763466,0.0,0.034550335835062125,False
fire,0.02529180981218815,0.0,0.025817000278192195,False
cardiopulmonary,0.02470131777226925,0.0,0.025214246530158312,False
food poisoning,0.06495726108551025,0.08,0.1724915806090995,False
severe burn,0.036934785544872284,0.07,0.12724681773511987,False
fire,0.029672805219888687,0.06,0.10670596142752761,False
epilepsy,0.022631943225860596,0.06,0.09832770286285995,False
cardiopulmonary,0.024434056133031845,0.05,0.08857264477396017,False
sting,0.010287494398653507,0.06,0.0836384525693061,False
electrocution,0.03890910744667053,0.02,0.07009876552340011,False
choking,0.05605665221810341,0.0,0.06670449256799438,False
hemorrhage,0.04985642060637474,0.0,0.05932654031613242,False
burn intoxication inhalation,0.04314405843615532,0.0,0.05133917940925883,False
chemical burn,0.04302051663398743,0.0,0.05119217110786256,False
hypoglycemia,0.020467864349484444,0.0,0.024355691097478368,False
epilepsy,0.05440131947398186,0.06,0.14203927446518708,False
sting,0.03337404504418373,0.08,0.14076382313861083,False
fire,0.043526988476514816,0.06,0.1285378385352825,False
chemical burn,0.04009278491139412,0.06,0.12427397352919364,False
electrocution,0.04745514690876007,0.02,0.0837514826744804,False
hemorrhage,0.04326720908284187,0.02,0.07855179045909455,False
choking,0.05267844721674919,0.0,0.06540491365854766,False
food poisoning,0.04212399572134018,0.0,0.05230063619322651,False
hypoglycemia,0.04064077511429787,0.0,0.05045908768780024,False
burn intoxication inhalation,0.03990243002772331,0.0,0.04954236748838124,False
cardiopulmonary,0.03634411469101906,0.0,0.0451244068296428,False
severe burn,0.021613074466586113,0.01,0.039250405340552436,False
food poisoning,0.05173519253730774,0.07,0.17621812184575175,False
fire,0.038975879549980164,0.06,0.14327281403841924,False
choking,0.044222187250852585,0.05,0.13639159332216536,False
severe burn,0.019917013123631477,0.06,0.11568409810378145,False
epilepsy,0.018736764788627625,0.06,0.11397562629237643,False
cardiopulmonary,0.04060331732034683,0.02,0.08772650318469541,False
burn intoxication inhalation,0.03628407046198845,0.02,0.081474165193487,False
electrocution,0.029232824221253395,0.0,0.04231605728095068,False
hemorrhage,0.02388680726289749,0.0,0.0345774153309796,False
chemical burn,0.022592442110180855,0.0,0.03270375339772712,False
sting,0.01375877857208252,0.0,0.019916558789036407,False
hypoglycemia,0.010875798761844635,0.0,0.015743293220629416,False
food poisoning,0.05916115641593933,0.08,0.1644015097621317,False
hemorrhage,0.08712068200111389,0.04,0.15017719442133956,False
electrocution,0.05546630546450615,0.06,0.13640900545754606,False
cardiopulmonary,0.035727377980947495,0.05,0.10127618030057142,False
severe burn,0.06187545135617256,0.01,0.08491186062345761,False
chemical burn,0.05703320726752281,0.0,0.06737760466241266,False
fire,0.03672695904970169,0.02,0.06701581067716243,False
choking,0.05039010941982269,0.0,0.05952961500935761,False
hypoglycemia,0.04267417639493942,0.0,0.05041420470964119,False
burn intoxication inhalation,0.039817627519369125,0.0,0.047039549310476325,False
epilepsy,0.03371449187397957,0.0,0.0398294574987486,False
sting,0.026763735339045525,0.0,0.03161800756715494,False
severe burn,0.029940295964479446,0.06,0.1622180342852701,False
cardiopulmonary,0.025179581716656685,0.06,0.15363151921108484,False
electrocution,0.07013723254203796,0.01,0.14453704200801176,False
burn intoxication inhalation,0.016125187277793884,0.06,0.13730084060073336,False
food poisoning,0.010525311343371868,0.06,0.12720079749344707,False
sting,0.036087583750486374,0.0,0.06508825477315447,False
epilepsy,0.02983144484460354,0.0,0.05380456324595828,False
fire,0.028884287923574448,0.0,0.052096252946982745,False
chemical burn,0.026542209088802338,0.0,0.04787203486271144,False
hemorrhage,0.012571392580866814,0.0,0.022674003580130934,False
hypoglycemia,0.010438370518386364,0.0,0.018826844280151044,False
choking,0.00817789789289236,0.0,0.014749812712363905,False
cardiopulmonary,0.06352819502353668,0.14,0.2723905437993189,False
food poisoning,0.040256429463624954,0.06,0.1341774948567532,False
epilepsy,0.0299153421074152,0.06,0.12033757253980595,False
burn intoxication inhalation,0.05859655141830444,0.01,0.09180571734264671,False
severe burn,0.057282283902168274,0.0,0.07666334612938608,False
electrocution,0.03986406326293945,0.0,0.053351791720979015,False
hemorrhage,0.03659559413790703,0.0,0.048977458807271855,False
fire,0.025564566254615784,0.01,0.04759758981285816,False
sting,0.020644040778279305,0.01,0.041012238775265074,False
choking,0.02917024865746498,0.0,0.03903979934401408,False
hypoglycemia,0.028120743110775948,0.0,0.03763520089734693,False
chemical burn,0.027654528617858887,0.0,0.037011245974354,False
food poisoning,0.050179388374090195,0.08,0.16725537104397167,False
fire,0.03142277151346207,0.06,0.11746060388155673,False
hemorrhage,0.06872618943452835,0.02,0.1139960167315041,False
cardiopulmonary,0.0469139963388443,0.03,0.09881963002591951,False
electrocution,0.055513784289360046,0.02,0.09702062798111238,False
chemical burn,0.07179868966341019,0.0,0.09224744892498478,False
choking,0.053962502628564835,0.0,0.06933139348961843,False
hypoglycemia,0.046813346445560455,0.0,0.060146108591800536,False
epilepsy,0.04672444984316826,0.0,0.06003189362733221,False
burn intoxication inhalation,0.04509592801332474,0.0,0.057939557610811966,False
severe burn,0.027612678706645966,0.0,0.03547695898928687,False
sting,0.023563377559185028,0.0,0.03027438910210067,False
severe burn,0.037216972559690475,0.06,0.16368251526310112,False
cardiopulmonary,0.07292567193508148,0.0,0.12278367753384692,False
hypoglycemia,0.04973858967423439,0.01,0.10058081792400282,False
hemorrhage,0.046026937663555145,0.01,0.09433157439282512,False
epilepsy,0.055165570229291916,0.0,0.09288130511891451,False
fire,0.04181455820798874,0.01,0.08723926482613523,False
burn intoxication inhalation,0.042381126433610916,0.0,0.07135636084612326,False
food poisoning,0.03936425596475601,0.0,0.06627690883724748,False
choking,0.03506804257631302,0.0,0.059043449544986644,False
chemical burn,0.03336275368928909,0.0,0.0561722844908917,False
electrocution,0.025771815329790115,0.0,0.043391554427249124,False
sting,0.025099914520978928,0.0,0.04226028679467601,False
food poisoning,0.050966933369636536,0.06,0.18972018311466116,False
epilepsy,0.020986463874578476,0.06,0.13846256979016527,False
burn intoxication inhalation,0.013916516676545143,0.06,0.1263750799741325,False
fire,0.013201458379626274,0.06,0.12515254469348983,False
electrocution,0.005850997753441334,0.06,0.11258546102603674,False
choking,0.03935259208083153,0.0,0.0672811327563893,False
hypoglycemia,0.03317079320549965,0.0,0.056712110264803696,False
severe burn,0.027908124029636383,0.0,0.04771452396230739,False
hemorrhage,0.02756979689002037,0.0,0.04713608599947032,False
chemical burn,0.02224983461201191,0.0,0.03804054567139068,False
sting,0.014889353886246681,0.0,0.025456330638138142,False
cardiopulmonary,0.01483501773327589,0.0,0.02536343210901482,False
food poisoning,0.09665133059024811,0.09,0.19366345657339887,False
fire,0.05767863616347313,0.06,0.12209959271221123,False
severe burn,0.05522172898054123,0.03,0.08842334291077007,False
choking,0.08323794603347778,0.0,0.0863650331124699,False
hemorrhage,0.07358856499195099,0.0,0.07635314366926903,False
burn intoxication inhalation,0.07028274238109589,0.0,0.07292312775878965,False
cardiopulmonary,0.06852314621210098,0.0,0.07109742699800081,False
epilepsy,0.06673607975244522,0.0,0.0692432239413771,False
hypoglycemia,0.0574023500084877,0.0,0.059558844198566954,False
chemical burn,0.05378955230116844,0.0,0.05581032073673392,False
electrocution,0.052590981125831604,0.0,0.05456672158300198,False
sting,0.048089150339365005,0.0,0.04989576580541046,False
food poisoning,0.17198027670383453,0.14,0.28279383176671685,False
choking,0.13644835352897644,0.09,0.20526360918807499,False
severe burn,0.024944879114627838,0.06,0.07699809778869561,False
fire,0.024755077436566353,0.06,0.07682605247742834,False
hemorrhage,0.020697446539998055,0.06,0.07314802192607757,False
hypoglycemia,0.011800696142017841,0.06,0.06508358220604586,False
sting,0.00993701908737421,0.06,0.06339425626202569,False
epilepsy,0.0034795983228832483,0.06,0.057540941492855484,False
burn intoxication inhalation,0.0127835962921381,0.02,0.02971661834683191,False
cardiopulmonary,0.012398065999150276,0.02,0.02936715526548568,False
electrocution,0.027278782799839973,0.0,0.02472679233252292,False
chemical burn,0.016703709959983826,0.0,0.015141040947238957,False
fire,0.08869286626577377,0.09,0.17001883091561684,False
cardiopulmonary,0.0903041809797287,0.03,0.11446442508797536,False
hemorrhage,0.05602652207016945,0.05,0.10087982640341023,False
food poisoning,0.10491747409105301,0.0,0.0998246133734829,False
burn intoxication inhalation,0.09186483174562454,0.01,0.09692015113266057,False
choking,0.09070829302072525,0.0,0.08630516850514482,False
hypoglycemia,0.07505077123641968,0.0,0.07140768767989421,False
severe burn,0.07375116646289825,0.0,0.07017116778481439,False
electrocution,0.03735971823334694,0.02,0.054575386468859545,False
epilepsy,0.05482878535985947,0.0,0.05216730909415204,False
chemical burn,0.046218350529670715,0.0,0.04397483843711722,False
sting,0.041295126080513,0.0,0.039290595116871704,False
